{"dice coefficient": 0.44703225046396255, "_timestamp": 1680791686.4994955, "_runtime": 2034.6956615447998, "_step": 59}